"campaign_id","First Touch","Last Touch","Linear","Time Decay"
"CMP004",88.47,88.47,58.98,88.4669817705389
"CMP006",96.06,96.06,68.6142857142857,96.0599999685903
"CMP010",159.51,159.51,159.51,159.51
"CMP001",0,0,27.4457142857143,3.14097339307163e-08
"CMP008",0,0,29.49,0.00301822946114842
